"variable","type","n_missing"
"RESPID","numeric",0
"INTERVIEW_START","factor",0
"INTERVIEW_END","factor",0
"DIFF_DATE","numeric",0
"ZIPCODE","numeric",10144
"CITY_NAME","factor",0
"COUNTY_NAME","factor",0
"WEIGHT","numeric",0
"NAT_WEIGHT","numeric",0
"S1","factor",0
"ETHNIC_QUOTA","factor",0
"S2_1","numeric",0
"S2_2","numeric",0
"S2_3","numeric",0
"S2_4","numeric",0
"S2_5","numeric",0
"S2_6","numeric",0
"S2_7","numeric",0
"S3","factor",0
"S4","factor",0
"S5","factor",0
"S6","numeric",0
"AGE","numeric",11
"S7","factor",0
"S8","factor",7138
"S8_14_OTHER","factor",0
"S9","factor",7042
"S9_15_OTHER","factor",0
"S10","factor",7142
"S10_21_OTHER","factor",0
"C1_1","numeric",0
"C1_2","numeric",0
"C1_3","numeric",0
"C1_4","numeric",0
"C1_5","numeric",0
"C1_6","numeric",0
"C1_7","numeric",0
"C1_8","numeric",0
"C1_9","numeric",0
"C1_10","numeric",0
"C1_11","numeric",0
"C1_12","numeric",0
"C1_13","numeric",0
"C1_14","numeric",0
"C1_15","numeric",0
"C2","factor",0
"C3","factor",0
"C4","factor",0
"C5","factor",0
"C6","factor",0
"C7","factor",0
"C8","factor",0
"C9","factor",0
"C10","factor",0
"C11","factor",0
"C12","factor",4120
"C13","factor",4583
"C14","factor",0
"C15","factor",0
"BL16_FIRST","factor",7867
"BL16_SECOND","factor",10055
"BL17_FIRST","factor",9812
"BL17_SECOND","factor",10076
"SPLITL18L19","factor",7142
"L18","factor",7142
"L19","factor",7142
"L20","factor",7142
"L21","factor",8328
"L22","factor",7142
"C23","factor",0
"B24","factor",7042
"A24","factor",7138
"L24","factor",7142
"C25","factor",0
"C26","factor",3501
"C27","factor",6643
"L28R","factor",9661
"L28D","factor",8706
"L29","factor",9063
"L30R","factor",10002
"L30D","factor",9856
"C31","factor",0
"C32","factor",0
"C33","factor",0
"C34_1","numeric",3269
"C34_2","numeric",3269
"C34_3","numeric",3269
"C34_4","numeric",3269
"C34_5","numeric",3269
"C34_OTHER","factor",0
"C35_1","numeric",6875
"C35_2","numeric",6875
"C35_3","numeric",6875
"C35_4","numeric",6875
"C35_5","numeric",6875
"C35_OTHER","factor",0
"A36","factor",8773
"L37","factor",9423
"SPLITC38","factor",1
"C38","factor",0
"C39","factor",0
"C40","factor",0
"C41","factor",0
"C42","factor",0
"C43","factor",0
"C44","factor",0
"C45","factor",0
"L46","factor",7142
"C47","factor",0
"C48","factor",0
"C49","factor",0
"C50","factor",0
"C51","factor",6255
"C52","factor",6255
"C53","factor",0
"C54","factor",7923
"C55","factor",7923
"C56","factor",0
"C57","factor",0
"C58","factor",0
"C59","factor",0
"C60","factor",0
"C61","factor",0
"C62","factor",0
"C63","factor",0
"C64","factor",0
"A65","factor",7881
"C66","factor",0
"C67","factor",0
"C67B","factor",6592
"C68","factor",0
"C69","factor",7655
"C70","factor",7655
"C71","factor",0
"C72","factor",0
"C73","factor",0
"C74","factor",0
"C75","factor",0
"C76","factor",0
"A77","factor",7138
"C78","factor",0
"C79","factor",7447
"C80","factor",2697
"C81","factor",0
"C82_1","numeric",7736
"C82_2","numeric",7736
"C82_3","numeric",7736
"C82_4","numeric",7736
"C82_5","numeric",7736
"LA83_1","numeric",8903
"LA83_2","numeric",8903
"LA83_3","numeric",8903
"C84","factor",0
"C85_1","numeric",9417
"C85_2","numeric",9417
"C85_3","numeric",9417
"C85_4","numeric",9417
"C85_5","numeric",9417
"C85_6","numeric",9417
"C85_7","numeric",9417
"C85_8","numeric",9417
"C85_8_OTHER","factor",0
"C86","factor",727
"BL87","factor",4040
"BL88","factor",4040
"BL89","factor",4040
"BL90","factor",4040
"BL91","factor",4040
"BL92","factor",4040
"BL93","factor",4040
"BL94","factor",4040
"BL95","factor",4040
"BL96","factor",4040
"BA97_1","numeric",4036
"BA97_2","numeric",4036
"BA97_3","numeric",4036
"BA97_4","numeric",4036
"BA97_5","numeric",4036
"BA97_6","numeric",4036
"BA98_1","numeric",4036
"BA98_2","numeric",4036
"BA98_3","numeric",4036
"BA98_4","numeric",4036
"BA98_5","numeric",4036
"BA98_6","numeric",4036
"BA99_1","numeric",4036
"BA99_2","numeric",4036
"BA99_3","numeric",4036
"BA99_4","numeric",4036
"BA99_5","numeric",4036
"BA99_6","numeric",4036
"BA100_1","numeric",4036
"BA100_2","numeric",4036
"BA100_3","numeric",4036
"BA100_4","numeric",4036
"BA100_5","numeric",4036
"BA100_6","numeric",4036
"BA101_1","numeric",4036
"BA101_2","numeric",4036
"BA101_3","numeric",4036
"BA101_4","numeric",4036
"BA101_5","numeric",4036
"BA101_6","numeric",4036
"BA102_1","numeric",4036
"BA102_2","numeric",4036
"BA102_3","numeric",4036
"BA102_4","numeric",4036
"BA102_5","numeric",4036
"BA102_6","numeric",4036
"A103_TREATMENTS","factor",4
"A103_1_1","numeric",9160
"A103_1_2","numeric",9160
"A103_1_3","numeric",9160
"A103_1_4","numeric",9160
"A103_1_5","numeric",9160
"A103_1_6","numeric",9160
"A103_1_88","numeric",9160
"A103_2_1","numeric",9120
"A103_2_2","numeric",9120
"A103_2_3","numeric",9120
"A103_2_4","numeric",9120
"A103_2_5","numeric",9120
"A103_2_6","numeric",9120
"A103_2_88","numeric",9120
"A104","factor",7138
"A105_1","numeric",7138
"A105_2","numeric",7138
"A105_3","numeric",7138
"A105_4","numeric",7138
"SPLITC106","factor",30
"C106","factor",0
"C107","factor",0
"C108","factor",0
"C109","factor",0
"C110","factor",0
"C111","factor",0
"C112","factor",0
"C113","factor",0
"C114","factor",0
"C115","factor",0
"A116","factor",7138
"A117","factor",7138
"C118","factor",0
"C119","factor",0
"C120","factor",0
"C121","factor",0
"BW122","factor",6008
"BW123","factor",6008
"BW124","factor",6008
"BW125","factor",6008
"BW126","factor",6008
"BW127","factor",6008
"BW128","factor",6008
"C129","factor",0
"C129_8_OTHER","factor",0
"C130","factor",2126
"C131","factor",2126
"BA132","factor",0
"C133_1","numeric",6853
"C133_2","numeric",6853
"C133_3","numeric",6853
"C133_4","numeric",6853
"C133_5","numeric",6853
"A134","factor",8827
"A135","factor",7138
"A136","numeric",7702
"C137","factor",0
"C138","factor",0
"C139","factor",0
"C140","factor",0
"SPLITC141","factor",0
"C141","factor",0
"SPLITC142","factor",0
"FLAG_DESCRIPTION","factor",0
"C142","factor",0
"B143","factor",7042
"B144","factor",7042
"B145","factor",7042
"BLA146","factor",1034
"LA147","factor",4136
"B148","factor",7042
"B149","factor",7042
"C150","factor",0
"C151","factor",3802
"C152","factor",0
"B153","factor",7042
"B154","factor",7042
"BL155","factor",4040
"B156","factor",7042
"B157","factor",7042
"C158","factor",0
"B159","factor",7042
"B160","factor",7042
"B161","factor",7042
"B162","factor",7042
"B163","factor",7042
"B164","factor",7042
"B165","factor",7042
"B166","factor",8223
"B167","factor",7042
"B168","factor",7042
"B169","factor",7042
"B170","factor",7042
"BL171","factor",4040
"BL172","factor",4040
"BL173","factor",4040
"BL174","factor",4040
"BL175","factor",4040
"BL176","factor",4040
"B177","factor",7042
"B178","factor",7042
"B179","factor",7042
"B180","factor",7042
"B181_1","numeric",7510
"B181_2","numeric",8089
"B181_3","numeric",7540
"B182","factor",7042
"B183","factor",7042
"B184","factor",7042
"B185","factor",7042
"B186","factor",7042
"B187","factor",7042
"SPLITA188","factor",7144
"A188","factor",8608
"A189","factor",8674
"BLA190","factor",1034
"BLA191","factor",1034
"A192","factor",7138
"L192","factor",7142
"LA193","factor",4136
"C194","factor",0
"A195_1","numeric",7138
"A195_2","numeric",7138
"A195_3","numeric",7138
"L195_1","numeric",7142
"L195_2","numeric",7142
"L195_3","numeric",7142
"SPLITL197","factor",7142
"L197","factor",8649
"L198","factor",8637
"SPLITL199","factor",7142
"L199","factor",7142
"LA200","factor",4136
"LA201","factor",0
"LA201A","factor",4136
"LA202_1","numeric",6737
"LA202_2","numeric",5607
"LA202_3","numeric",5612
"LA202_4","numeric",6724
"LA202_5","numeric",5886
"LA202_6","numeric",6669
"LA202_7","numeric",5295
"LA202_NONE","factor",4136
"LA203","factor",4136
"LA204","factor",4136
"BLA205","factor",1034
"BLA206","factor",1034
"BLA207","factor",1034
"BLA208","factor",1034
"L209","factor",7142
"SPLITL210L211","factor",7142
"L210A","numeric",8669
"L211B","numeric",8617
"L212","factor",7142
"L213","factor",7142
"L214","factor",7142
"L215","factor",7142
"SPLITL216","factor",7142
"L216NAME_HID","factor",11
"L216DESC_HID","factor",11
"PRONOUN1_HID","factor",11
"PRONOUN2_HID","factor",11
"L216","factor",7188
"L217","factor",7142
"L218","factor",7142
"L219","factor",7142
"L220","factor",7142
"SPLITC221","numeric",11
"C221","factor",0
"C222","factor",0
"C223","factor",0
"C224","factor",0
"C225","factor",0
"C226","factor",0
"BL227","factor",4040
"C228","factor",0
"BL229","factor",4040
"L230","factor",7142
"L231","factor",7142
"L232","factor",7142
"C233","factor",0
"C234","factor",0
"C235","factor",0
"C236","factor",0
"C237","factor",0
"C237_7_OTHER","factor",0
"C238","factor",0
"C239","factor",0
"C240","factor",0
"L241","factor",7142
"C242_HID","factor",652
"SPLITC242","factor",0
"C242A","factor",0
"C243","factor",0
"C244","factor",0
"C245","factor",0
"C246","factor",0
"C247","factor",0
"C248","factor",0
"C249","factor",0
"LA250","factor",4136
"C251","factor",0
"C252","factor",8854
"C253","factor",4742
"C254","factor",4770
"C255","factor",4777
"C256","factor",4805
"C257","factor",4793
"C258","factor",4797
"C259","factor",6984
"C259_OTHER","factor",0
"C260","factor",4713
"C261","factor",4713
"C242B","factor",0
"C262","factor",7
"C263","factor",0
"C264","factor",0
"C265_1","numeric",0
"C265_2","numeric",0
"SPLITL266","factor",7142
"L266","factor",7142
"SPLITL267","factor",0
"L267","factor",7142
"L268","factor",7142
"L269","factor",7142
"L270","factor",7142
"L271","factor",7142
"C272","numeric",0
"C273","numeric",0
"BLOCK_274_275","factor",0
"SPLITC274","factor",5080
"SPLITC275","factor",5064
"C274","factor",5080
"C275","factor",5064
"C276","factor",0
"C277","factor",0
"C278","factor",0
"C279","factor",0
"C280","factor",0
"C281","factor",0
"C282","factor",0
"C283","factor",0
"C284","factor",0
"C285","factor",0
"C286","factor",0
"C287","factor",0
"C288","factor",0
"C289","factor",0
"L290","factor",7142
"SPLITL291L292","factor",7142
"L291","factor",8669
"L292","factor",8617
"L293","factor",7142
"L294","factor",7142
"SPLITL295L296","factor",7142
"L295","factor",8626
"L296","factor",8660
"SPLITL297L298","factor",7142
"L297","factor",8695
"L298","factor",8591
"L299","factor",7142
"L300","factor",7142
"L301","factor",7142
"L302","factor",7142
"LA303","factor",4136
"TIME_304","factor",0
"SPLITBW304","factor",6008
"VID_BW304","factor",6008
"BW305","factor",6008
"BW306","factor",6008
"BW307","factor",6008
"BW308","factor",6008
"BW309","factor",6008
"BW310","factor",6008
"B311","factor",7042
"B312","factor",7042
"B313","factor",7042
"B314","factor",7042
"B315","factor",7042
"B316","factor",7042
"C317","factor",0
"C318","factor",0
"C319","factor",0
"C320","factor",0
"C321","factor",0
"C322","factor",0
"C323","factor",0
"C324","factor",0
"C325","factor",0
"C326","factor",0
"C327","factor",0
"C328_1","factor",6624
"C328_2","factor",7166
"C328_3","factor",8550
"C328_4","factor",8672
"C328_5","factor",8784
"C328_6","factor",8372
"C328_7","factor",8557
"C328_8","factor",8466
"C328_9","factor",8499
"C329","factor",0
"C330","factor",0
"C331","factor",0
"C332","factor",0
"C333","factor",0
"C334","factor",0
"C335","factor",0
"C336","factor",0
"SPLITC337","factor",0
"C337","factor",0
"C338","factor",0
"C339","factor",0
"C340","factor",0
"C341","factor",0
"C342","factor",0
"C343","factor",200
"C344","factor",295
"C345","factor",6971
"C346","factor",0
"C347_CITY","factor",0
"C347_STATE","factor",0
"C348","factor",0
"C349_1","numeric",574
"C349_2","numeric",1083
"C349_3","numeric",1328
"C349_4","numeric",2026
"C349_5","numeric",3897
"SPLITC350C360","factor",0
"C350","factor",5083
"C351","factor",5061
"C352","factor",5083
"C353","factor",5061
"C354","factor",5083
"C355","factor",5061
"C356","factor",5083
"C357","factor",5061
"C358","factor",5083
"C359","factor",5061
"C360","factor",5083
"C361","factor",0
"C362","factor",0
"C363","factor",0
"L364","factor",7142
"L365","factor",9013
"L366","factor",7142
"L367","factor",8651
"L368","factor",8651
"L369","factor",9273
"ROTA370","factor",7138
"A370","factor",7138
"A371","factor",7138
"A372","factor",7138
"C373","factor",0
"C373_7_OTHER","factor",0
"C374","numeric",7655
"C375","factor",8737
"C375_6_OTHER","factor",0
"C376","factor",8940
"C377","factor",2489
"C378M","factor",8232
"C378F","factor",8232
"C378B_1","factor",9326
"C379","factor",4588
"C380","factor",4040
"C381","factor",0
"C382M","factor",0
"C382F","factor",0
"C383","factor",0
"C384","factor",9241
"C385","factor",0
"C386","factor",3862
"SPLITC387","factor",9887
"C387","factor",4328
"C388","factor",0
"C389","factor",0
"C390","factor",0
"C391_1","factor",66
"C391_2","factor",85
"C391_3","factor",93
"C391_4","factor",188
"C391_5","factor",209
"C391_6","factor",202
"C391_7","factor",176
"C391_8","factor",178
"C391_9","factor",185
"C391_10","factor",215
"C391_11","factor",492
"C391_12","factor",322
"C391_13","factor",378
"C391_14","factor",4189
"C391_14_OTHER","factor",0
"C391_NONE","numeric",10144
"C392","factor",0
"C393","factor",8077
"C394","numeric",8077
"RESPONSE_MINUTES","numeric",0
"LOG_POPDENSITY_ZIP","numeric",375
"URBANICITY9","numeric",128
"DP2000_TOTALPOP","numeric",372
"DP2000_PERCENTMALE","numeric",372
"DP2000_PERCENTFEMALE","numeric",372
"DP2000_MEDIANAGE","numeric",372
"DP2000_PERCENT18OLDER","numeric",372
"DP2000_PERCENT18OLDERMALE","numeric",372
"DP2000_PERCENT18OLDERFEMALE","numeric",372
"DP2000_PERCENT65OLDER","numeric",372
"DP2000_NUMBWHITE","numeric",372
"DP2000_PERCENTWHITE","numeric",372
"DP2000_NUMBBLACK","numeric",372
"DP2000_PERCENTBLACK","numeric",372
"DP2000_NUMBAMERICANINDIANALASKAN","numeric",372
"DP2000_PERCENTAMERICANINDIANALAS","numeric",372
"DP2000_NUMBASIAN","numeric",372
"DP2000_PERCENTASIAN","numeric",372
"DP2000_NUMBASIANINDIAN","numeric",372
"DP2000_PERCENTASIANINDIAN","numeric",372
"DP2000_NUMBASIANCHINESE","numeric",372
"DP2000_PERCENTASIANCHINESE","numeric",372
"DP2000_NUMBASIANFILIPINO","numeric",372
"DP2000_PERCENTASIANFILIPINO","numeric",372
"DP2000_NUMBASIANJAPANESE","numeric",372
"DP2000_PERCENTASIANJAPANESE","numeric",372
"DP2000_NUMBASIANKOREAN","numeric",372
"DP2000_PERCENTASIANKOREAN","numeric",372
"DP2000_NUMBASIANVIETNAMESE","numeric",372
"DP2000_PERCENTASIANVIETNAMESE","numeric",372
"DP2000_NUMBASIANOTHER","numeric",372
"DP2000_PERCENTASIANOTHER","numeric",372
"DP2000_NUMBERHAWAIIANPACIFICISLA","numeric",372
"DP2000_PERCENTHAWAIIANPACIFICISL","numeric",372
"DP2000_NUMBOTHERRACE","numeric",372
"DP2000_PERCENTOTHERRACE","numeric",372
"DP2000_NUMBHISP","numeric",372
"DP2000_PERCENTHISP","numeric",372
"DP2000_NUMBMEXICAN","numeric",372
"DP2000_PERCENTMEXICAN","numeric",372
"DP2000_NUMBPUERTORICAN","numeric",372
"DP2000_PERCENTPUERTORICAN","numeric",372
"DP2000_NUMBCUBAN","numeric",372
"DP2000_PERCENTCUBAN","numeric",372
"DP2000_NUMBOTHERHISP","numeric",372
"DP2000_PERCENTOTHERHISP","numeric",372
"DP2000_NUMBNONHISP","numeric",372
"DP2000_PERCENTNONHISP","numeric",372
"DP2000_NUMBWHITENONHISP","numeric",372
"DP2000_PERCENTWHITENONHISP","numeric",372
"DP2000_PERCENTHOUSEHOLDFAMILIES","numeric",373
"DP2000_PERCENTHOUSEHOLDFAMILYWKI","numeric",373
"DP2000_PERCENTHOUSEHOLDSMARRIED","numeric",373
"DP2000_02_PERCENTHOUSEHOLDSMARRI","numeric",373
"DP2000_PERCENTHOUSEHOLDSSINGLEFE","numeric",373
"DP2000_PERCENTHOUSEHOLDSW18ORYOU","numeric",373
"DP2000_PERCENTHOUSEHOLDSW65OROLD","numeric",373
"DP2000_AVERAGEHOUSHOLDSIZE","numeric",372
"DP2000_AVERAGEFAMILYSIZE","numeric",372
"DP2000_TOTALNUMBHOUSEHOLDS","numeric",372
"DP2000_PERCENTHOUSEHOLDSOCCUPIED","numeric",373
"DP2000_PERCENTHOUSEHOLDSVACANT","numeric",373
"DP2000_PERCENTHOMEOWNERVACANCY","numeric",376
"DP2000_PERCENTRENTALVACANCY","numeric",373
"HISP2000_NUMBDOMINICAN","numeric",372
"HISP2000_PERCENTDOMINICAN","numeric",379
"HISP2000_NUMBCENTRALAMERICAN","numeric",372
"HISP2000_PERCENTCENTRALAMERICAN","numeric",379
"HISP2000_NUMBCOSTARICAN","numeric",372
"HISP2000_PERCENTCOSTARICAN","numeric",379
"HISP2000_NUMBGUATEMALAN","numeric",372
"HISP2000_PERCENTGUATEMALAN","numeric",379
"HISP2000_NUMBHONDURAN","numeric",372
"HISP2000_PERCENTHONDURAN","numeric",379
"HISP2000_NUMBNICARAGUAN","numeric",372
"HISP2000_PERCENTNICARAGUAN","numeric",379
"HISP2000_NUMBPANAMANIAN","numeric",372
"HISP2000_PERCENTPANAMANIAN","numeric",379
"HISP2000_NUMBSALVADORAN","numeric",372
"HISP2000_PERCENTSALVADORAN","numeric",379
"HISP2000_NUMBOTHERCENTRALAMERICA","numeric",372
"HISP2000_PERCENTOTHERCENTRALAMER","numeric",379
"HISP2000_NUMBSAMERICAN","numeric",372
"HISP2000_PERCENTSAMERICAN","numeric",379
"HISP2000_NUMBARGENTINEAN","numeric",372
"HISP2000_PERCENTARGENTINEAN","numeric",379
"HISP2000_NUMBBOLIVIAN","numeric",372
"HISP2000_PERCENTBOLIVIAN","numeric",379
"HISP2000_NUMBCHILEAN","numeric",372
"HISP2000_PERCENTCHILEAN","numeric",379
"HISP2000_NUMBCOLOMBIAN","numeric",372
"HISP2000_PERCENTCOLOMBIAN","numeric",379
"HISP2000_NUMBECUADORIAN","numeric",372
"HISP2000_PERCENTECUADORIAN","numeric",379
"HISP2000_NUMBPARAGUAYAN","numeric",372
"HISP2000_PERCENTPARAGUAYAN","numeric",379
"HISP2000_NUMBPERUVIAN","numeric",372
"HISP2000_PERCENTPERUVIAN","numeric",379
"HISP2000_NUMBURUGUAYAN","numeric",372
"HISP2000_PERCENTURUGUAYAN","numeric",379
"HISP2000_NUMBVENEZUELAN","numeric",372
"HISP2000_PERCENTVENEZUELAN","numeric",379
"HISP2000_NUMBOTHERSAMERICAN","numeric",372
"HISP2000_PERCENTOTHERSAMERICAN","numeric",379
"SC2000_PERCENTEDUCLESSTHANGRADE9","numeric",378
"SC2000_PERCENTEDUC9_12NODIPLOMA","numeric",378
"SC2000_PERCENTEDUCHIGHSCHOOLGRAD","numeric",378
"SC2000_PERCENTEDUCSOMECOLLEGE","numeric",378
"SC2000_PERCENTEDUCAA","numeric",378
"SC2000_PERCENTEDUCBA","numeric",378
"SC2000_PERCENTEDUCGRADUATEPROFDE","numeric",378
"SC2000_PERCENTEDUCHSORHIGHER","numeric",378
"SC2000_PERCENTEDUCBAORHIGHER","numeric",378
"SC2000_PERCENTNATIVEBORN","numeric",378
"SC2000_PERCENTFOREIGHBORN","numeric",378
"SC2000_PERCENTNOTCITIZEN","numeric",378
"SC2000_PERCENTLANGUAGEENGLISHONL","numeric",378
"SC2000_PERCENTLANGUAGENONENGLISH","numeric",378
"EC2000_PERCENTLABORFORCE","numeric",375
"EC2000_PERCENTEMPLOYED","numeric",375
"EC2000_PERCENTUNEMPLOYED","numeric",375
"EC2000_PERCENTNOTLABORFORCE","numeric",375
"EC2000_PERCENTCOMMUTEALONE","numeric",375
"EC2000_PERCENTCOMMUTEWALK","numeric",375
"EC2000_PERCENTINCLESSTHAN10K","numeric",377
"EC2000_PERCENTINC10K_14K","numeric",377
"EC2000_PERCENTINC15K_24K","numeric",377
"EC2000_PERCENTINC25K_34K","numeric",377
"EC2000_PERCENTINC35K_49K","numeric",377
"EC2000_PERCENTINC50K_74K","numeric",377
"EC2000_PERCENT75K_99K","numeric",377
"EC2000_PERCENTINC100K_149K","numeric",377
"EC2000_PERCENTINC150K_199K","numeric",377
"EC2000_PERCENTINC200K_MORE","numeric",377
"EC2000_MEDIANHHINC","numeric",372
"EC2000_MEANHHINCE","numeric",377
"EC2000_MEDIANFAMILYINC","numeric",372
"EC2000_MEDIANINCFULLTIMEMALE","numeric",372
"EC2000_MEDIANINCFULLTIMEFEMALE","numeric",372
"EC2000_PERCENTFAMILIESBELOWPOVER","numeric",378
"EC2000_PERCENTFAMILYWKIDSBELOWPO","numeric",383
"EC2000_PERCENTALLPEOPLEBELOWPOVE","numeric",377
"HC2000_PERCENTHOUSESBUILTBEFORE1","numeric",377
"HC2000_MEDIANHOUSEVALUE","numeric",372
"HC2000_MEDIANGROSSRENT","numeric",372
"DP2010_TOTALPOPULATION","numeric",129
"DP2010_MEDIANAGE","numeric",129
"DP2010_PERCENT18OLDER","numeric",132
"DP2010_NUMBMALE","numeric",129
"DP2010_PERCENTMALE","numeric",132
"DP2010_MEDIANAGEMALE","numeric",129
"DP2010_PERCENT18OLDERMALER","numeric",132
"DP2010_NUMBFEMALE","numeric",129
"DP2010_PERCENTFEMALE","numeric",132
"DP2010_MEDIANAGEFEMALE","numeric",129
"DP2010_PERCENT18OLDERFEMALE","numeric",132
"DP2010_NUMBWHITE","numeric",129
"DP2010_PERCENTWHITE","numeric",132
"DP2010_NUMBBLACK","numeric",129
"DP2010_PERCENTBLACK","numeric",132
"DP2010_NUMBERAMERICANINDIANALASK","numeric",129
"DP2010_PERCENTAMERICANINDIANALAS","numeric",132
"DP2010_NUMBASIAN","numeric",129
"DP2010_PERCENTASIAN","numeric",132
"DP2010_NUMBERASIANINDIAN","numeric",129
"DP2010_PERCENTASIANINDIAN","numeric",132
"DP2010_NUMBERASIANCHINESE","numeric",129
"DP2010_PERCENTASIANCHINESE","numeric",132
"DP2010_NUMBASIANFILIPINO","numeric",129
"DP2010_PERCENTASIANFILIPINO","numeric",132
"DP2010_NUMBJAPANESE","numeric",129
"DP2010_PERCENTJAPANESE","numeric",132
"DP2010_NUMBKOREAN","numeric",129
"DP2010_PERCENTKOREAN","numeric",132
"DP2010_NUMBASIANVIETNAMESE","numeric",129
"DP2010_PERCENTASIANVIETNAMESE","numeric",132
"DP2010_NUMBASIANOTHER","numeric",129
"DP2010_PERCENTASIANOTHER","numeric",132
"DP2010_NUMBHAWAIIANPACIFICISLAND","numeric",129
"DP2010_PERCENTHAWAIIANPACIFICISL","numeric",132
"DP2010_NUMBOTHERRACE","numeric",129
"DP2010_PERCENTOTHERRACE","numeric",132
"DP2010_NUMBHISP","numeric",129
"DP2010_PERCENTHISP","numeric",132
"DP2010_NUMBMEXICAN","numeric",129
"DP2010_PERCENTMEXICAN","numeric",132
"DP2010_NUMBPUERTORICAN","numeric",129
"DP2010_PERCENTPUERTORICAN","numeric",132
"DP2010_NUMBCUBAN","numeric",129
"DP2010_PERCENTCUBAN","numeric",132
"DP2010_NUMBOTHERHISP","numeric",129
"DP2010_PERCENTOTHERHISP","numeric",132
"DP2010_NUMBNOTHISP","numeric",129
"DP2010_PERCENTNOTHISP","numeric",132
"DP2010_NUMBNONHISPWHITE","numeric",129
"DP2010_PERCENTNONHISPWHITE","numeric",132
"DP2010_TOTALHOUSEHOLD","numeric",137
"DP2010_PERCENTHOUSEHOLDSWCHILDUN","numeric",137
"DP2010_PERCENTHOUSEHOLDMARRIED","numeric",137
"DP2010_PERCENTHOUSEHOLDMARRIEDWK","numeric",137
"DP2010_PERCENTSINGLEFATHERHOUSEH","numeric",137
"DP2010_PERCENTSINGLEMOTHERHOUSEH","numeric",137
"DP2010_PERCENTHOUSEHOLDWUNDER18Y","numeric",137
"DP2010_PERCENTHOUSEHOLDW65YEARSO","numeric",137
"DP2010_AVGHOUSEHOLDSIZE","numeric",129
"DP2010_AVGFAMILYSIZE","numeric",129
"DP2010_TOTALHOUSINGUNITS","numeric",129
"DP2010_PERCENTHOUSINGOCCUPIED","numeric",137
"DP2010_PERCENTHOUSINGVACANT","numeric",137
"DP2010_PERCENTHOMEOWNERVACANCY","numeric",129
"DP2010_PERCENTRENTALVACANCY","numeric",129
"HISP2010_NUMBDOMINICAN","numeric",129
"HISP2010_PERCENTDOMINICAN","numeric",132
"HISP2010_NUMBCENTAMERICAN","numeric",129
"HISP2010_PERCENTCENTAMERICAN","numeric",132
"HISP2010_NUMBCOSTARICAN","numeric",129
"HISP2010_PERCENTCOSTARICAN","numeric",132
"HISP2010_NUMBGUATEMALAN","numeric",129
"HISP2010_PERCENTGUATEMALAN","numeric",132
"HISP2010_NUMBHONDURAN","numeric",129
"HISP2010_PERCENTHONDURAN","numeric",132
"HISP2010_NUMBNICARAGUAN","numeric",129
"HISP2010_PERCENTNICARAGUAN","numeric",132
"HISP2010_NUMBPANAMANIAN","numeric",129
"HISP2010_PERCENTPANAMANIAN","numeric",132
"HISP2010_NUMBSALVADORAN","numeric",129
"HISP2010_PERCENTSALVADORAN","numeric",132
"HISP2010_NUMBOTHERCENTAMERICAN","numeric",129
"HISP2010_PERCENTOTHERCENTAMERICA","numeric",132
"HISP2010_NUMBSOUTHAMERICAN","numeric",129
"HISP2010_PERCENTSOUTHAMERICAN","numeric",132
"HISP2010_NUMBARGENTIANEAN","numeric",129
"HISP2010_PERCENTARGENTINEAN","numeric",132
"HISP2010_NUMBBOLIVIAN","numeric",129
"HISP2010_PERCENTBOLIVIAN","numeric",132
"HISP2010_NUMBCHILEAN","numeric",129
"HISP2010_PERCENTCHILEAN","numeric",132
"HISP2010_NUMBCOLOMBIAN","numeric",129
"HISP2010_PERCENTCOLOMBIAN","numeric",132
"HISP2010_NUMBECUADORIAN","numeric",129
"HISP2010_PERCENTECUDORIAN","numeric",132
"HISP2010_NUMBPARAGUAYAN","numeric",129
"HISP2010_PERCENTPARAGUAYAN","numeric",132
"HISP2010_NUMBPERUVIAN","numeric",129
"HISP2010_PERCENTPERUVIAN","numeric",132
"HISP2010_NUMBURUGUAYAN","numeric",129
"HISP2010_PERCENTURUGUAYAN","numeric",132
"HISP2010_NUMBVENEZUELAN","numeric",129
"HISP2010_PERCENTVENEZUELAN","numeric",132
"HISP2010_NUMBOTHERSOUTHAMERICAN","numeric",129
"HISP2010_PERCENTOTHERSOUTHAMERIC","numeric",132
"EC2011_PERCENTLABORFORCE","numeric",134
"EC2011_PERCENTEMPLOYED","numeric",134
"EC2011_PERCENTUNEMPLOYED","numeric",134
"EC2011_PERCENTNOTLABORFORCE","numeric",134
"EC2011_PERCENTCOMMUTINGALONE","numeric",134
"EC2011_PERCENTCOMMUTINGWALKING","numeric",134
"EC2011_PERCENTINCLESSTHAN10K","numeric",139
"EC2011_PERCENTINC10K_14K","numeric",139
"EC2011_PERCENTINC15K_24K","numeric",139
"EC2011_PERCENTINC25K_34K","numeric",139
"EC2011_PERCENTINC35K_49K","numeric",139
"EC2011_PERCENTINC50K_74K","numeric",139
"EC2011_PERCENTINC75K_99K","numeric",139
"EC2011_PERCENTINC100K_149K","numeric",139
"EC2011_PERCENTINC150K_199K","numeric",139
"EC2011_PERCENTINC200K_MORE","numeric",139
"EC2011_MEDIANHHINC","numeric",144
"EC2011_MEANHHINC","numeric",147
"EC2011_MEDIANFAMILYINC","numeric",148
"EC2011_MEANFAMILYINC","numeric",148
"EC2011_MEDIANINCFULLTIMEMALE","numeric",142
"EC2011_MEDIANINCFULLTIMEFEMALE","numeric",148
"EC2011_PERCENTFAMILESBELOWPOVERT","numeric",144
"EC2011_PERCENTFAMILIESWKIDSBELOW","numeric",146
"EC2011_PERCENTALLPEOPLEBELOWPOVE","numeric",138
"HC2011_PERCENTHOMESBUILTBEFORE19","numeric",139
"HC2011_MEDIANHOMEVALUE","numeric",243
"HC2011_MEDIANGROSSRENT","numeric",278
"SC2011_PERCENTEDUCLESSTHANGRADE9","numeric",138
"SC2011_PERCENTEDUC9_12NODIP","numeric",138
"SC2011_PERCENTEDUCHIGHSCHOOLGRAD","numeric",138
"SC2011_PERCENTEDUCSOMECOLLEGE","numeric",138
"SC2011_PERCENTEDUCAA","numeric",138
"SC2011_PERCENTEDUCBA","numeric",138
"SC2011_PERCENTEDUCGRADUATEPROFDE","numeric",138
"SC2011_PERCENTEDUCHSORHIGHER","numeric",138
"SC2011_PERCENTEDUCBAORHIGHER","numeric",138
"SC2011_PERCENTNATIVEBORN","numeric",137
"SC2011_PERCENTFOREIGNBORN","numeric",137
"SC2011_PERCENTNOTCITIZEN","numeric",185
"SC2011_PERCENTLANGUAGEENGLISHONL","numeric",137
"SC2011_PERCENTLANGUAGENONENGLISH","numeric",137
"DP2015_TOTALPOP","numeric",129
"DP2015_PERCENTMALE","numeric",133
"DP2015_PERCENTFEMALE","numeric",133
"DP2015_MEDIANAGE","numeric",134
"DP2015_PERCENT18OLDER","numeric",133
"DP2015_03_PERCENT18OLDERMALE","numeric",133
"DP2015_03_PERCENT18OLDERFEMALE","numeric",133
"DP2015_NUMBWHITE","numeric",129
"DP2015_PERCENTWHITE","numeric",133
"DP2015_NUMBBLACK","numeric",129
"DP2015_PERCENTBLACK","numeric",133
"DP2015_NUMBAMERICANINDIANALASKAN","numeric",129
"DP2015_PERCENTAMERICANINDIANALAS","numeric",133
"DP2015_NUMBASIAN","numeric",129
"DP2015_PERCENTASIAN","numeric",133
"DP2015_NUMBASIANINDIAN","numeric",129
"DP2015_PERCENTASIANINDIAN","numeric",133
"DP2015_NUMBASIANCHINESE","numeric",129
"DP2015_PERCENTASIANCHINESE","numeric",133
"DP2015_NUMBASIANFILIPINO","numeric",129
"DP2015_PERCENTASIANFILIPINO","numeric",133
"DP2015_NUMBASIANJAPANESE","numeric",129
"DP2015_PERCENTASIANJAPANESE","numeric",133
"DP2015_NUMBASIANKOREAN","numeric",129
"DP2015_PERCENTASIANKOREAN","numeric",133
"DP2015_NUMBASIANVIETNAMESE","numeric",129
"DP2015_PERCENTASIANVIETNAMESE","numeric",133
"DP2015_NUMBASIANOTHER","numeric",129
"DP2015_PERCENTASIANOTHER","numeric",133
"DP2015_NUMBHAWAIIANPACIFICISLAND","numeric",129
"DP2015_PERCENTHAWAIIANPACIFICISL","numeric",133
"DP2015_NUMBEROTHERRACE","numeric",129
"DP2015_PERCENTOTHERRACE","numeric",133
"DP2015_NUMBHISP","numeric",129
"DP2015_PERCENTHISP","numeric",133
"DP2015_NUMBMEXICAN","numeric",129
"DP2015_PERCENTMEXICAN","numeric",133
"DP2015_NUMBPUERTORICAN","numeric",129
"DP2015_PERCENTPUERTORICAN","numeric",133
"DP2015_NUMBCUBAN","numeric",129
"DP2015_PERCENTCUBAN","numeric",133
"DP2015_NUMBOTHERHISP","numeric",129
"DP2015_PERCENTOTHERHISP","numeric",133
"DP2015_NUMBNOTHISP","numeric",129
"DP2015_PERCENTNOTHISP","numeric",133
"DP2015_NUMBWHITENONHISP","numeric",129
"DP2015_PERCENTWHITENONHISP","numeric",133
"HISP2015_NUMBDOMINICAN","numeric",129
"HISP2015_NUMBCENTRALAMERICAN","numeric",129
"HISP2015_NUMBCOSTARICAN","numeric",129
"HISP2015_NUMBGUATEMALAN","numeric",129
"HISP2015_NUMBHONDURAN","numeric",129
"HISP2015_01_NUMBNICARAGUAN","numeric",129
"HISP2015_01_NUMBPANAMANIAN","numeric",129
"HISP2015_NUMBSALVADORAN","numeric",129
"HISP2015_NUMBOTHERCENTRALAMERICA","numeric",129
"HISP2015_NUMBSAMERICAN","numeric",129
"HISP2015_NUMBARGENTINEAN","numeric",129
"HISP2015_NUMBBOLIVIAN","numeric",129
"HISP2015_NUMBCHILEAN","numeric",129
"HISP2015_NUMBCOLOMBIAN","numeric",129
"HISP2015_NUMBECUADORIAN","numeric",129
"HISP2015_NUMBPARAGUAYAN","numeric",129
"HISP2015_NUMBPERUVIAN","numeric",129
"HISP2015_NUMBURUGUAYAN","numeric",129
"HISP2015_NUMBVENEZUELAN","numeric",129
"HISP2015_NUMBOTHERSAMERICAN","numeric",129
"EC2015_NUMBLABORFORCE","numeric",129
"EC2015_PERCENTLABORFORCE","numeric",133
"EC2015_PERCENTCOMMUTEALONE","numeric",133
"EC2015_PERCENTCOMMUTEWALKING","numeric",133
"EC2015_PERCENTINCELESSTHAN10K","numeric",141
"EC2015_PERCENTINC10K_14K","numeric",141
"EC2015_PERCENTINC15K_24K","numeric",141
"EC2015_PERCENTINC25K_34K","numeric",141
"EC2015_PERCENTINC35K_49K","numeric",141
"EC2015_PERCENTINC50K_74K","numeric",141
"EC2015_PERCENTINC75K_99K","numeric",141
"EC2015_PERCENTINC100K_149K","numeric",141
"EC2015_PERCENTINC150K_199K","numeric",141
"EC2015_PERCENTINC200K_MORE","numeric",141
"EC2015_MEDIANHHINC","numeric",149
"EC2015_MEANHHINC","numeric",145
"EC2015_01_MEDIANFAMILYINC","numeric",155
"EC2015_MEANFAMILYINC","numeric",149
"EC2015_MEDIANINCFULLTIMEMALE","numeric",300
"EC2015_MEDIANINCFULLTIMEFEMALE","numeric",299
"EC2015_PERCENTFAMILIESBELOWPOVER","numeric",143
"EC2015_PERCENTFAMILIESWKIDSBELOW","numeric",145
"EC2015_PERCENTALLPEOPLEBELOWPOVE","numeric",140
"HC2015_PERCENTHOUSESBUILTBEFORE1","numeric",140
"HC2015_MEDIANHOMEVALUE","numeric",178
"HC2015_MEDIANGROSSRENT","numeric",163
"SC2015_PERCENTEDUCLESSTHANGRADE9","numeric",136
"SC2015_PERCENTEDUC9_12NODIPLOMA","numeric",136
"SC2015_PERCENTEDUCHIGHSCHOOLGRAD","numeric",136
"SC2015_PERCENTEDUCSOMECOLLEGE","numeric",136
"SC2015_PERCENTEDUCAA","numeric",136
"SC2015_PERCENTEDUCBA","numeric",136
"SC2015_PERCENTEDUCGRADUATEPROFDE","numeric",136
"SC2015_PERCENTEDUCHSORHIGHER","numeric",136
"SC2015_PERCENTEDUCBAORHIGHER","numeric",136
"SC2015_PERCENTNATIVEBORN","numeric",136
"SC2015_PERCENTFOREIGNBORN","numeric",136
"SC2015_PERCENTNOTCITIZEN","numeric",172
"SC2015_PERCENTLANGUAGEENGLISHONL","numeric",136
"SC2015_PERCENTLANGUAGENONENGLISH","numeric",136
